{
  "tag": "gpt2-124m",
  "family": "gpt2",
  "label": "GPT2-124M",
  "org": "OpenAI",
  "params": 124000000.0,
  "generation": "1",
  "vocab": 50257,
  "hidden": 768,
  "T": 128,
  "recompute_flops": 21975662592.0,
  "recompute_seconds": 0.0037370268400991336,
  "proxy": null,
  "selective": null,
  "null_floor": {
    "token_difr": {
      "auc": 0.4987781954887218,
      "auc_full": 0.2614019375,
      "tpr": 0.0
    }
  },
  "attacks": {
    "quant_4bit": {
      "token_difr": {
        "auc": 0.4992418546365915,
        "auc_full": 0.444863,
        "tpr": 0.00125
      }
    },
    "kv_fp8": {
      "token_difr": {
        "auc": 0.49890350877192985,
        "auc_full": 0.321755875,
        "tpr": 0.00025
      }
    },
    "temp_1.1": {
      "token_difr": {
        "auc": 0.5016541353383459,
        "auc_full": 0.5570660625,
        "tpr": 0.00525
      }
    },
    "seed_43": {
      "token_difr": {
        "auc": 0.8643984962406015,
        "auc_full": 0.998004,
        "tpr": 0.702
      }
    },
    "bug_k2": {
      "token_difr": {
        "auc": 0.49890350877192985,
        "auc_full": 0.3933159375,
        "tpr": 0.00025
      }
    },
    "bug_k32": {
      "token_difr": {
        "auc": 0.49955513784461153,
        "auc_full": 0.466454625,
        "tpr": 0.00075
      }
    }
  },
  "config": {
    "n_prompts": 16,
    "n_tokens": 96,
    "batch": 96,
    "n_batches": 4000,
    "max_fpr": 0.005,
    "core_attacks": [
      "quant_4bit",
      "kv_fp8",
      "temp_1.1",
      "seed_43",
      "bug_k2",
      "bug_k32"
    ]
  },
  "elapsed_s": 128.83369064331055
}