{
  "tag": "gpt2-774m",
  "family": "gpt2",
  "label": "GPT2-774M",
  "org": "OpenAI",
  "params": 774000000.0,
  "generation": "1",
  "vocab": 50257,
  "hidden": 1280,
  "T": 128,
  "recompute_flops": 181683486720.0,
  "recompute_seconds": 0.008744873601244763,
  "proxy": {
    "tag": "gpt2-124m",
    "label": "GPT2-124M",
    "params": 124000000.0,
    "flops": 21975662592.0,
    "seconds": 0.004179191048024222
  },
  "selective": {
    "sel_difr_b10": {
      "budget": 0.1,
      "recompute_ratio": 0.10026041666666667,
      "flops": 40191324672.0
    },
    "sel_difr_b25": {
      "budget": 0.25,
      "recompute_ratio": 0.25,
      "flops": 67396534272.0
    }
  },
  "null_floor": {
    "token_difr": {
      "auc": 0.49890350877192985,
      "auc_full": 0.37011334375,
      "tpr": 0.01425
    },
    "surface_stat": {
      "auc": 0.5040413533834587,
      "auc_full": 0.5961216875,
      "tpr": 0.0215
    },
    "surface_rank": {
      "auc": 0.5002788220551379,
      "auc_full": 0.444842125,
      "tpr": 0.008
    },
    "accept_rate": {
      "auc": 0.5133082706766917,
      "auc_full": 0.8034269375,
      "tpr": 0.00575
    },
    "sel_difr_b10": {
      "auc": 0.49874686716791977,
      "auc_full": 0.318588875,
      "tpr": 0.0
    },
    "sel_difr_b25": {
      "auc": 0.49874686716791977,
      "auc_full": 0.2895234375,
      "tpr": 0.0
    }
  },
  "attacks": {
    "quant_4bit": {
      "token_difr": {
        "auc": 0.5171867167919799,
        "auc_full": 0.73012440625,
        "tpr": 0.189
      },
      "surface_stat": {
        "auc": 0.498859649122807,
        "auc_full": 0.2680328125,
        "tpr": 0.0005
      },
      "surface_rank": {
        "auc": 0.4992261904761905,
        "auc_full": 0.38577071875,
        "tpr": 0.00525
      },
      "accept_rate": {
        "auc": 0.5016729323308271,
        "auc_full": 0.6264168125,
        "tpr": 0.001
      },
      "sel_difr_b10": {
        "auc": 0.5463345864661654,
        "auc_full": 0.7146431875,
        "tpr": 0.0
      },
      "sel_difr_b25": {
        "auc": 0.5202631578947369,
        "auc_full": 0.7738713125,
        "tpr": 0.0
      }
    },
    "kv_fp8": {
      "token_difr": {
        "auc": 0.5033897243107769,
        "auc_full": 0.61816775,
        "tpr": 0.101
      },
      "surface_stat": {
        "auc": 0.5009335839598997,
        "auc_full": 0.5011223125,
        "tpr": 0.01125
      },
      "surface_rank": {
        "auc": 0.5019580200501254,
        "auc_full": 0.56441846875,
        "tpr": 0.01775
      },
      "accept_rate": {
        "auc": 0.49968671679197996,
        "auc_full": 0.5001258125,
        "tpr": 0.00025
      },
      "sel_difr_b10": {
        "auc": 0.5020050125313283,
        "auc_full": 0.444573625,
        "tpr": 0.0
      },
      "sel_difr_b25": {
        "auc": 0.5085588972431078,
        "auc_full": 0.664504625,
        "tpr": 0.0
      }
    },
    "temp_1.1": {
      "token_difr": {
        "auc": 0.49969924812030075,
        "auc_full": 0.58471,
        "tpr": 0.05475
      },
      "surface_stat": {
        "auc": 0.5102631578947369,
        "auc_full": 0.6634615,
        "tpr": 0.0475
      },
      "surface_rank": {
        "auc": 0.5079636591478697,
        "auc_full": 0.66035846875,
        "tpr": 0.0455
      },
      "accept_rate": {
        "auc": 0.5003195488721804,
        "auc_full": 0.58735775,
        "tpr": 0.00025
      },
      "sel_difr_b10": {
        "auc": 0.5040100250626567,
        "auc_full": 0.48018490625,
        "tpr": 0.0
      },
      "sel_difr_b25": {
        "auc": 0.5011215538847118,
        "auc_full": 0.614322375,
        "tpr": 0.0
      }
    },
    "seed_43": {
      "token_difr": {
        "auc": 0.9992731829573935,
        "auc_full": 0.99999275,
        "tpr": 1.0
      },
      "surface_stat": {
        "auc": 0.506516290726817,
        "auc_full": 0.6049865625,
        "tpr": 0.02925
      },
      "surface_rank": {
        "auc": 0.5024906015037593,
        "auc_full": 0.55472965625,
        "tpr": 0.02075
      },
      "accept_rate": {
        "auc": 0.4995927318295739,
        "auc_full": 0.568522625,
        "tpr": 0.0
      },
      "sel_difr_b10": {
        "auc": 0.9971804511278196,
        "auc_full": 0.999192375,
        "tpr": 0.473
      },
      "sel_difr_b25": {
        "auc": 1.0,
        "auc_full": 1.0,
        "tpr": 0.996
      }
    },
    "bug_k2": {
      "token_difr": {
        "auc": 0.49874686716791977,
        "auc_full": 0.3987404375,
        "tpr": 0.0
      },
      "surface_stat": {
        "auc": 0.4995989974937343,
        "auc_full": 0.4187995,
        "tpr": 0.005
      },
      "surface_rank": {
        "auc": 0.4988690476190476,
        "auc_full": 0.389212875,
        "tpr": 0.00275
      },
      "accept_rate": {
        "auc": 0.5011967418546366,
        "auc_full": 0.6435800625,
        "tpr": 0.00025
      },
      "sel_difr_b10": {
        "auc": 0.4990225563909774,
        "auc_full": 0.4005116875,
        "tpr": 0.0
      },
      "sel_difr_b25": {
        "auc": 0.49874686716791977,
        "auc_full": 0.430532875,
        "tpr": 0.0
      }
    },
    "bug_k32": {
      "token_difr": {
        "auc": 0.5042543859649122,
        "auc_full": 0.57561359375,
        "tpr": 0.09675
      },
      "surface_stat": {
        "auc": 0.5064661654135338,
        "auc_full": 0.6352296875,
        "tpr": 0.03625
      },
      "surface_rank": {
        "auc": 0.5057080200501253,
        "auc_full": 0.62062234375,
        "tpr": 0.03575
      },
      "accept_rate": {
        "auc": 0.5085025062656642,
        "auc_full": 0.7462229375,
        "tpr": 0.00275
      },
      "sel_difr_b10": {
        "auc": 0.5046365914786968,
        "auc_full": 0.404527125,
        "tpr": 0.0
      },
      "sel_difr_b25": {
        "auc": 0.49906015037593987,
        "auc_full": 0.42952940625,
        "tpr": 0.0
      }
    }
  },
  "config": {
    "n_prompts": 16,
    "n_tokens": 96,
    "batch": 96,
    "n_batches": 4000,
    "max_fpr": 0.005,
    "core_attacks": [
      "quant_4bit",
      "kv_fp8",
      "temp_1.1",
      "seed_43",
      "bug_k2",
      "bug_k32"
    ]
  },
  "elapsed_s": 247.9396002292633
}