{
  "tag": "gpt2-355m",
  "family": "gpt2",
  "label": "GPT2-355M",
  "org": "OpenAI",
  "params": 355000000.0,
  "generation": "1",
  "vocab": 50257,
  "hidden": 1024,
  "T": 128,
  "recompute_flops": 77660160000.0,
  "recompute_seconds": 0.007878148142481223,
  "proxy": {
    "tag": "gpt2-124m",
    "label": "GPT2-124M",
    "params": 124000000.0,
    "flops": 21975662592.0,
    "seconds": 0.004383392646559514
  },
  "selective": {
    "sel_difr_b10": {
      "budget": 0.1,
      "recompute_ratio": 0.10026041666666667,
      "flops": 29761902592.0
    },
    "sel_difr_b25": {
      "budget": 0.25,
      "recompute_ratio": 0.25,
      "flops": 41390702592.0
    }
  },
  "null_floor": {
    "token_difr": {
      "auc": 0.51234335839599,
      "auc_full": 0.67865415625,
      "tpr": 0.044
    },
    "surface_stat": {
      "auc": 0.5039348370927318,
      "auc_full": 0.6653800625,
      "tpr": 0.16125
    },
    "surface_rank": {
      "auc": 0.49965852130325816,
      "auc_full": 0.53477290625,
      "tpr": 0.03475
    },
    "accept_rate": {
      "auc": 0.5678070175438596,
      "auc_full": 0.9024411875,
      "tpr": 0.14425
    },
    "sel_difr_b10": {
      "auc": 0.5098496240601503,
      "auc_full": 0.519168125,
      "tpr": 0.0
    },
    "sel_difr_b25": {
      "auc": 0.5426065162907269,
      "auc_full": 0.70356365625,
      "tpr": 0.0125
    }
  },
  "attacks": {
    "quant_4bit": {
      "token_difr": {
        "auc": 0.505858395989975,
        "auc_full": 0.64520175,
        "tpr": 0.02125
      },
      "surface_stat": {
        "auc": 0.4996240601503759,
        "auc_full": 0.42866125,
        "tpr": 0.0395
      },
      "surface_rank": {
        "auc": 0.49913533834586465,
        "auc_full": 0.42296084375,
        "tpr": 0.014
      },
      "accept_rate": {
        "auc": 0.5571491228070176,
        "auc_full": 0.8935285,
        "tpr": 0.12225
      },
      "sel_difr_b10": {
        "auc": 0.5024154135338346,
        "auc_full": 0.5238845625,
        "tpr": 0.0
      },
      "sel_difr_b25": {
        "auc": 0.511578947368421,
        "auc_full": 0.63022490625,
        "tpr": 0.00125
      }
    },
    "kv_fp8": {
      "token_difr": {
        "auc": 0.49916040100250625,
        "auc_full": 0.4305600625,
        "tpr": 0.0015
      },
      "surface_stat": {
        "auc": 0.4992355889724311,
        "auc_full": 0.4027865625,
        "tpr": 0.03025
      },
      "surface_rank": {
        "auc": 0.4994830827067669,
        "auc_full": 0.47390696875,
        "tpr": 0.0245
      },
      "accept_rate": {
        "auc": 0.5020676691729323,
        "auc_full": 0.6184125,
        "tpr": 0.00675
      },
      "sel_difr_b10": {
        "auc": 0.49874686716791977,
        "auc_full": 0.35161321875,
        "tpr": 0.0
      },
      "sel_difr_b25": {
        "auc": 0.5162844611528822,
        "auc_full": 0.598957625,
        "tpr": 0.0035
      }
    },
    "temp_1.1": {
      "token_difr": {
        "auc": 0.5037531328320802,
        "auc_full": 0.60798090625,
        "tpr": 0.017
      },
      "surface_stat": {
        "auc": 0.5051942355889725,
        "auc_full": 0.6909035625,
        "tpr": 0.199
      },
      "surface_rank": {
        "auc": 0.5009398496240601,
        "auc_full": 0.58286315625,
        "tpr": 0.04475
      },
      "accept_rate": {
        "auc": 0.5058646616541354,
        "auc_full": 0.6978483125,
        "tpr": 0.0135
      },
      "sel_difr_b10": {
        "auc": 0.5006516290726817,
        "auc_full": 0.41345871875,
        "tpr": 0.0
      },
      "sel_difr_b25": {
        "auc": 0.5152005012531329,
        "auc_full": 0.6155905,
        "tpr": 0.00225
      }
    },
    "seed_43": {
      "token_difr": {
        "auc": 0.9475,
        "auc_full": 0.9994363125,
        "tpr": 0.941
      },
      "surface_stat": {
        "auc": 0.49907268170426067,
        "auc_full": 0.3430896875,
        "tpr": 0.01625
      },
      "surface_rank": {
        "auc": 0.499031954887218,
        "auc_full": 0.35721465625,
        "tpr": 0.00775
      },
      "accept_rate": {
        "auc": 0.5011654135338346,
        "auc_full": 0.558293625,
        "tpr": 0.005
      },
      "sel_difr_b10": {
        "auc": 0.9425501253132831,
        "auc_full": 0.995722875,
        "tpr": 0.418
      },
      "sel_difr_b25": {
        "auc": 0.875952380952381,
        "auc_full": 0.9953274375,
        "tpr": 0.25325
      }
    },
    "bug_k2": {
      "token_difr": {
        "auc": 0.49956140350877193,
        "auc_full": 0.5015755625,
        "tpr": 0.00225
      },
      "surface_stat": {
        "auc": 0.49874686716791977,
        "auc_full": 0.176152375,
        "tpr": 0.00225
      },
      "surface_rank": {
        "auc": 0.49874686716791977,
        "auc_full": 0.2874849375,
        "tpr": 0.00275
      },
      "accept_rate": {
        "auc": 0.5014786967418546,
        "auc_full": 0.495582875,
        "tpr": 0.00525
      },
      "sel_difr_b10": {
        "auc": 0.50140664160401,
        "auc_full": 0.4432174375,
        "tpr": 0.0
      },
      "sel_difr_b25": {
        "auc": 0.5106829573934837,
        "auc_full": 0.578873375,
        "tpr": 0.001
      }
    },
    "bug_k32": {
      "token_difr": {
        "auc": 0.5039849624060151,
        "auc_full": 0.6165314375,
        "tpr": 0.01425
      },
      "surface_stat": {
        "auc": 0.5036654135338345,
        "auc_full": 0.6480640625,
        "tpr": 0.15825
      },
      "surface_rank": {
        "auc": 0.5043045112781955,
        "auc_full": 0.622435,
        "tpr": 0.082
      },
      "accept_rate": {
        "auc": 0.5225689223057645,
        "auc_full": 0.8086833125,
        "tpr": 0.04875
      },
      "sel_difr_b10": {
        "auc": 0.4994799498746867,
        "auc_full": 0.38600621875,
        "tpr": 0.0
      },
      "sel_difr_b25": {
        "auc": 0.5169486215538848,
        "auc_full": 0.5984285625,
        "tpr": 0.00275
      }
    }
  },
  "config": {
    "n_prompts": 16,
    "n_tokens": 96,
    "batch": 96,
    "n_batches": 4000,
    "max_fpr": 0.005,
    "core_attacks": [
      "quant_4bit",
      "kv_fp8",
      "temp_1.1",
      "seed_43",
      "bug_k2",
      "bug_k32"
    ]
  },
  "elapsed_s": 177.3891749382019
}