{
  "tag": "llama-3.2-1b",
  "family": "llama",
  "label": "Llama-3.2-1B",
  "org": "Meta",
  "params": 1200000000.0,
  "generation": "3.2",
  "vocab": 128256,
  "hidden": 2048,
  "T": 128,
  "recompute_flops": 249125404672.0,
  "recompute_seconds": 0.007677159446757287,
  "proxy": null,
  "selective": null,
  "null_floor": {
    "token_difr": {
      "auc": 0.5013189223057644,
      "auc_full": 0.5615280625,
      "tpr": 0.076
    }
  },
  "attacks": {
    "quant_4bit": {
      "token_difr": {
        "auc": 0.6861810776942356,
        "auc_full": 0.9357399375,
        "tpr": 0.71125
      }
    },
    "kv_fp8": {
      "token_difr": {
        "auc": 0.5095895989974938,
        "auc_full": 0.6945635,
        "tpr": 0.1935
      }
    },
    "temp_1.1": {
      "token_difr": {
        "auc": 0.5211372180451128,
        "auc_full": 0.7209433125,
        "tpr": 0.2275
      }
    },
    "seed_43": {
      "token_difr": {
        "auc": 1.0,
        "auc_full": 1.0,
        "tpr": 1.0
      }
    },
    "bug_k2": {
      "token_difr": {
        "auc": 0.5089317042606516,
        "auc_full": 0.66931528125,
        "tpr": 0.17625
      }
    },
    "bug_k32": {
      "token_difr": {
        "auc": 0.5125814536340852,
        "auc_full": 0.68710675,
        "tpr": 0.18775
      }
    }
  },
  "config": {
    "n_prompts": 16,
    "n_tokens": 96,
    "batch": 96,
    "n_batches": 4000,
    "max_fpr": 0.005,
    "core_attacks": [
      "quant_4bit",
      "kv_fp8",
      "temp_1.1",
      "seed_43",
      "bug_k2",
      "bug_k32"
    ]
  },
  "elapsed_s": 368.8118214607239
}