{
  "tag": "llama-3.1-8b",
  "family": "llama",
  "label": "Llama-3.1-8B",
  "org": "Meta",
  "params": 8000000000.0,
  "generation": "3.1",
  "vocab": 128256,
  "hidden": 4096,
  "T": 128,
  "recompute_flops": 1921260716032.0,
  "recompute_seconds": 0.015016778983408585,
  "proxy": {
    "tag": "llama-3.2-1b",
    "label": "Llama-3.2-1B",
    "params": 1200000000.0,
    "flops": 249125404672.0,
    "seconds": 0.00842675352760125
  },
  "selective": {
    "sel_difr_b10": {
      "budget": 0.1,
      "recompute_ratio": 0.10026041666666667,
      "flops": 441751804586.6667
    },
    "sel_difr_b25": {
      "budget": 0.25,
      "recompute_ratio": 0.25,
      "flops": 729440583680.0
    }
  },
  "null_floor": {
    "token_difr": {
      "auc": 0.5037593984962406,
      "auc_full": 0.42927725,
      "tpr": 0.0
    },
    "surface_stat": {
      "auc": 0.500795739348371,
      "auc_full": 0.411564625,
      "tpr": 0.01825
    },
    "surface_rank": {
      "auc": 0.5045144110275689,
      "auc_full": 0.61508996875,
      "tpr": 0.03825
    },
    "accept_rate": {
      "auc": 0.49874686716791977,
      "auc_full": 0.251045125,
      "tpr": 0.00425
    },
    "sel_difr_b10": {
      "auc": 0.49874686716791977,
      "auc_full": 0.33350175,
      "tpr": 0.0
    },
    "sel_difr_b25": {
      "auc": 0.5263095238095238,
      "auc_full": 0.37649475,
      "tpr": 0.0
    }
  },
  "attacks": {
    "quant_4bit": {
      "token_difr": {
        "auc": 0.6063659147869674,
        "auc_full": 0.87604696875,
        "tpr": 0.0375
      },
      "surface_stat": {
        "auc": 0.4988533834586466,
        "auc_full": 0.3340099375,
        "tpr": 0.0035
      },
      "surface_rank": {
        "auc": 0.4999404761904762,
        "auc_full": 0.5115911875,
        "tpr": 0.0115
      },
      "accept_rate": {
        "auc": 0.49874686716791977,
        "auc_full": 0.2013773125,
        "tpr": 0.00225
      },
      "sel_difr_b10": {
        "auc": 0.6710526315789473,
        "auc_full": 0.76687459375,
        "tpr": 0.02825
      },
      "sel_difr_b25": {
        "auc": 0.8956203007518797,
        "auc_full": 0.9251469375,
        "tpr": 0.0
      }
    },
    "kv_fp8": {
      "token_difr": {
        "auc": 0.599498746867168,
        "auc_full": 0.77916559375,
        "tpr": 0.0225
      },
      "surface_stat": {
        "auc": 0.4998684210526316,
        "auc_full": 0.4075118125,
        "tpr": 0.0115
      },
      "surface_rank": {
        "auc": 0.5009774436090225,
        "auc_full": 0.55201740625,
        "tpr": 0.0175
      },
      "accept_rate": {
        "auc": 0.4994360902255639,
        "auc_full": 0.3520863125,
        "tpr": 0.0135
      },
      "sel_difr_b10": {
        "auc": 0.5040664160401003,
        "auc_full": 0.42558715625,
        "tpr": 0.0
      },
      "sel_difr_b25": {
        "auc": 0.6433583959899749,
        "auc_full": 0.68106459375,
        "tpr": 0.0
      }
    },
    "temp_1.1": {
      "token_difr": {
        "auc": 0.5282330827067669,
        "auc_full": 0.753323375,
        "tpr": 0.0035
      },
      "surface_stat": {
        "auc": 0.5208521303258146,
        "auc_full": 0.7359849375,
        "tpr": 0.13375
      },
      "surface_rank": {
        "auc": 0.5164567669172933,
        "auc_full": 0.73774525,
        "tpr": 0.09025
      },
      "accept_rate": {
        "auc": 0.5027882205513784,
        "auc_full": 0.5655250625,
        "tpr": 0.072
      },
      "sel_difr_b10": {
        "auc": 0.5826127819548872,
        "auc_full": 0.65204296875,
        "tpr": 0.00425
      },
      "sel_difr_b25": {
        "auc": 0.7224310776942356,
        "auc_full": 0.78431125,
        "tpr": 0.0
      }
    },
    "seed_43": {
      "token_difr": {
        "auc": 0.9992481203007518,
        "auc_full": 0.99988675,
        "tpr": 0.22375
      },
      "surface_stat": {
        "auc": 0.4988784461152882,
        "auc_full": 0.30919425,
        "tpr": 0.00175
      },
      "surface_rank": {
        "auc": 0.4992982456140351,
        "auc_full": 0.4177589375,
        "tpr": 0.005
      },
      "accept_rate": {
        "auc": 0.49874686716791977,
        "auc_full": 0.142895,
        "tpr": 0.00075
      },
      "sel_difr_b10": {
        "auc": 0.9986215538847119,
        "auc_full": 0.99946925,
        "tpr": 0.9585
      },
      "sel_difr_b25": {
        "auc": 1.0,
        "auc_full": 1.0,
        "tpr": 0.8955
      }
    },
    "bug_k2": {
      "token_difr": {
        "auc": 0.5452255639097744,
        "auc_full": 0.70115184375,
        "tpr": 0.00175
      },
      "surface_stat": {
        "auc": 0.5051065162907268,
        "auc_full": 0.5326110625,
        "tpr": 0.03675
      },
      "surface_rank": {
        "auc": 0.5041071428571429,
        "auc_full": 0.61398840625,
        "tpr": 0.033
      },
      "accept_rate": {
        "auc": 0.4994611528822055,
        "auc_full": 0.3946838125,
        "tpr": 0.02275
      },
      "sel_difr_b10": {
        "auc": 0.5048595045305572,
        "auc_full": 0.4684994375,
        "tpr": 0.0
      },
      "sel_difr_b25": {
        "auc": 0.5890100250626567,
        "auc_full": 0.55522615625,
        "tpr": 0.0
      }
    },
    "bug_k32": {
      "token_difr": {
        "auc": 0.7218922305764413,
        "auc_full": 0.8607989375,
        "tpr": 0.088
      },
      "surface_stat": {
        "auc": 0.5374874686716792,
        "auc_full": 0.7425243125,
        "tpr": 0.1745
      },
      "surface_rank": {
        "auc": 0.5654730576441103,
        "auc_full": 0.8441383125,
        "tpr": 0.25575
      },
      "accept_rate": {
        "auc": 0.5010651629072682,
        "auc_full": 0.4623291875,
        "tpr": 0.041
      },
      "sel_difr_b10": {
        "auc": 0.5305012531328321,
        "auc_full": 0.55682203125,
        "tpr": 0.0015
      },
      "sel_difr_b25": {
        "auc": 0.6819047619047619,
        "auc_full": 0.71842928125,
        "tpr": 0.0
      }
    }
  },
  "config": {
    "n_prompts": 16,
    "n_tokens": 96,
    "batch": 96,
    "n_batches": 4000,
    "max_fpr": 0.005,
    "core_attacks": [
      "quant_4bit",
      "kv_fp8",
      "temp_1.1",
      "seed_43",
      "bug_k2",
      "bug_k32"
    ]
  },
  "elapsed_s": 549.9688794612885
}