{
  "tag": "llama-3.2-3b",
  "family": "llama",
  "label": "Llama-3.2-3B",
  "org": "Meta",
  "params": 3200000000.0,
  "generation": "3.2",
  "vocab": 128256,
  "hidden": 3072,
  "T": 128,
  "recompute_flops": 721599332352.0,
  "recompute_seconds": 0.013143215372110717,
  "proxy": {
    "tag": "llama-3.2-1b",
    "label": "Llama-3.2-1B",
    "params": 1200000000.0,
    "flops": 249125404672.0,
    "seconds": 0.00831918793846853
  },
  "selective": {
    "sel_difr_b10": {
      "budget": 0.1,
      "recompute_ratio": 0.10026041666666667,
      "flops": 321473254400.0
    },
    "sel_difr_b25": {
      "budget": 0.25,
      "recompute_ratio": 0.25,
      "flops": 429525237760.0
    }
  },
  "null_floor": {
    "token_difr": {
      "auc": 0.7050689223057645,
      "auc_full": 0.779434875,
      "tpr": 0.00175
    },
    "surface_stat": {
      "auc": 0.515125313283208,
      "auc_full": 0.7477506875,
      "tpr": 0.12375
    },
    "surface_rank": {
      "auc": 0.5200125313283208,
      "auc_full": 0.67075084375,
      "tpr": 0.10975
    },
    "accept_rate": {
      "auc": 0.593577694235589,
      "auc_full": 0.920995,
      "tpr": 0.233
    },
    "sel_difr_b10": {
      "auc": 0.6106516290726818,
      "auc_full": 0.5590001875,
      "tpr": 0.0
    },
    "sel_difr_b25": {
      "auc": 0.699749373433584,
      "auc_full": 0.68437675,
      "tpr": 0.0195
    }
  },
  "attacks": {
    "quant_4bit": {
      "token_difr": {
        "auc": 0.9493546365914787,
        "auc_full": 0.9736636875,
        "tpr": 0.02675
      },
      "surface_stat": {
        "auc": 0.4999812030075188,
        "auc_full": 0.4986329375,
        "tpr": 0.01475
      },
      "surface_rank": {
        "auc": 0.4993984962406015,
        "auc_full": 0.42143628125,
        "tpr": 0.0095
      },
      "accept_rate": {
        "auc": 0.5085902255639098,
        "auc_full": 0.7061341875,
        "tpr": 0.026
      },
      "sel_difr_b10": {
        "auc": 0.8229323308270677,
        "auc_full": 0.7994423125,
        "tpr": 0.00275
      },
      "sel_difr_b25": {
        "auc": 0.9071428571428571,
        "auc_full": 0.9175489375,
        "tpr": 0.27
      }
    },
    "kv_fp8": {
      "token_difr": {
        "auc": 0.8412280701754387,
        "auc_full": 0.88267990625,
        "tpr": 0.0315
      },
      "surface_stat": {
        "auc": 0.4992606516290727,
        "auc_full": 0.4209496875,
        "tpr": 0.008
      },
      "surface_rank": {
        "auc": 0.49950187969924814,
        "auc_full": 0.39792728125,
        "tpr": 0.00775
      },
      "accept_rate": {
        "auc": 0.4995989974937343,
        "auc_full": 0.455843,
        "tpr": 0.0025
      },
      "sel_difr_b10": {
        "auc": 0.7022556390977444,
        "auc_full": 0.677669125,
        "tpr": 0.0
      },
      "sel_difr_b25": {
        "auc": 0.7662907268170426,
        "auc_full": 0.776067125,
        "tpr": 0.06275
      }
    },
    "temp_1.1": {
      "token_difr": {
        "auc": 0.9273684210526316,
        "auc_full": 0.962226625,
        "tpr": 0.019
      },
      "surface_stat": {
        "auc": 0.5010275689223057,
        "auc_full": 0.560839125,
        "tpr": 0.022
      },
      "surface_rank": {
        "auc": 0.5010087719298245,
        "auc_full": 0.52509371875,
        "tpr": 0.0245
      },
      "accept_rate": {
        "auc": 0.5001629072681705,
        "auc_full": 0.5900974375,
        "tpr": 0.0035
      },
      "sel_difr_b10": {
        "auc": 0.8084718253197569,
        "auc_full": 0.793710625,
        "tpr": 0.003
      },
      "sel_difr_b25": {
        "auc": 0.880827067669173,
        "auc_full": 0.90240865625,
        "tpr": 0.23
      }
    },
    "seed_43": {
      "token_difr": {
        "auc": 1.0,
        "auc_full": 1.0,
        "tpr": 0.26275
      },
      "surface_stat": {
        "auc": 0.5055075187969925,
        "auc_full": 0.686296625,
        "tpr": 0.073
      },
      "surface_rank": {
        "auc": 0.5036466165413533,
        "auc_full": 0.5580091875,
        "tpr": 0.03575
      },
      "accept_rate": {
        "auc": 0.5276503759398496,
        "auc_full": 0.820527,
        "tpr": 0.072
      },
      "sel_difr_b10": {
        "auc": 1.0,
        "auc_full": 1.0,
        "tpr": 0.9325
      },
      "sel_difr_b25": {
        "auc": 1.0,
        "auc_full": 1.0,
        "tpr": 1.0
      }
    },
    "bug_k2": {
      "token_difr": {
        "auc": 0.8064536340852131,
        "auc_full": 0.804412625,
        "tpr": 0.00725
      },
      "surface_stat": {
        "auc": 0.5010338345864662,
        "auc_full": 0.5498498125,
        "tpr": 0.02675
      },
      "surface_rank": {
        "auc": 0.5066196741854636,
        "auc_full": 0.5688295625,
        "tpr": 0.04975
      },
      "accept_rate": {
        "auc": 0.5045426065162907,
        "auc_full": 0.662620625,
        "tpr": 0.01575
      },
      "sel_difr_b10": {
        "auc": 0.527230437717911,
        "auc_full": 0.4930270625,
        "tpr": 0.0
      },
      "sel_difr_b25": {
        "auc": 0.6129072681704261,
        "auc_full": 0.59318596875,
        "tpr": 0.00275
      }
    },
    "bug_k32": {
      "token_difr": {
        "auc": 0.8986904761904762,
        "auc_full": 0.91402259375,
        "tpr": 0.106
      },
      "surface_stat": {
        "auc": 0.568295739348371,
        "auc_full": 0.8742384375,
        "tpr": 0.33575
      },
      "surface_rank": {
        "auc": 0.6191604010025062,
        "auc_full": 0.86586496875,
        "tpr": 0.41375
      },
      "accept_rate": {
        "auc": 0.5341729323308271,
        "auc_full": 0.8428529375,
        "tpr": 0.0925
      },
      "sel_difr_b10": {
        "auc": 0.5864342590794329,
        "auc_full": 0.5564135,
        "tpr": 0.0
      },
      "sel_difr_b25": {
        "auc": 0.6661758563074353,
        "auc_full": 0.6842748125,
        "tpr": 0.01325
      }
    }
  },
  "config": {
    "n_prompts": 16,
    "n_tokens": 96,
    "batch": 96,
    "n_batches": 4000,
    "max_fpr": 0.005,
    "core_attacks": [
      "quant_4bit",
      "kv_fp8",
      "temp_1.1",
      "seed_43",
      "bug_k2",
      "bug_k32"
    ]
  },
  "elapsed_s": 511.63174319267273
}