{
  "tag": "pythia-1.4b",
  "family": "pythia",
  "label": "Pythia-1.4B",
  "org": "EleutherAI",
  "params": 1400000000.0,
  "generation": "1",
  "vocab": 50304,
  "hidden": 2048,
  "T": 128,
  "recompute_flops": 335776055296.0,
  "recompute_seconds": 0.008214433706598356,
  "proxy": {
    "tag": "pythia-160m",
    "label": "Pythia-160M",
    "params": 160000000.0,
    "flops": 31664504832.0,
    "seconds": 0.00471946649486199
  },
  "selective": {
    "sel_difr_b10": {
      "budget": 0.1,
      "recompute_ratio": 0.10026041666666667,
      "flops": 65329552042.66667
    },
    "sel_difr_b25": {
      "budget": 0.25,
      "recompute_ratio": 0.25,
      "flops": 115608518656.0
    }
  },
  "null_floor": {
    "token_difr": {
      "auc": 0.5017543859649123,
      "auc_full": 0.5031784375,
      "tpr": 0.0215
    },
    "surface_stat": {
      "auc": 0.4988659147869674,
      "auc_full": 0.2852798125,
      "tpr": 0.00025
    },
    "surface_rank": {
      "auc": 0.49913220551378445,
      "auc_full": 0.3621900625,
      "tpr": 0.0015
    },
    "accept_rate": {
      "auc": 0.5007832080200502,
      "auc_full": 0.405427125,
      "tpr": 0.0115
    },
    "sel_difr_b10": {
      "auc": 0.6938471177944863,
      "auc_full": 0.6776098125,
      "tpr": 0.02175
    },
    "sel_difr_b25": {
      "auc": 0.5075187969924813,
      "auc_full": 0.562829625,
      "tpr": 0.0095
    }
  },
  "attacks": {
    "quant_4bit": {
      "token_difr": {
        "auc": 0.49967418546365916,
        "auc_full": 0.46743775,
        "tpr": 0.00975
      },
      "surface_stat": {
        "auc": 0.498796992481203,
        "auc_full": 0.2668535625,
        "tpr": 0.00025
      },
      "surface_rank": {
        "auc": 0.49874686716791977,
        "auc_full": 0.213383375,
        "tpr": 0.0
      },
      "accept_rate": {
        "auc": 0.5003383458646616,
        "auc_full": 0.4611230625,
        "tpr": 0.01275
      },
      "sel_difr_b10": {
        "auc": 0.5615100250626567,
        "auc_full": 0.58958415625,
        "tpr": 0.00125
      },
      "sel_difr_b25": {
        "auc": 0.501265664160401,
        "auc_full": 0.54324203125,
        "tpr": 0.004
      }
    },
    "kv_fp8": {
      "token_difr": {
        "auc": 0.49932330827067667,
        "auc_full": 0.428581125,
        "tpr": 0.00775
      },
      "surface_stat": {
        "auc": 0.4992167919799499,
        "auc_full": 0.349413625,
        "tpr": 0.0015
      },
      "surface_rank": {
        "auc": 0.49977443609022554,
        "auc_full": 0.410559,
        "tpr": 0.00475
      },
      "accept_rate": {
        "auc": 0.4998496240601504,
        "auc_full": 0.401037125,
        "tpr": 0.00775
      },
      "sel_difr_b10": {
        "auc": 0.6395989974937344,
        "auc_full": 0.58484121875,
        "tpr": 0.00525
      },
      "sel_difr_b25": {
        "auc": 0.5025689223057644,
        "auc_full": 0.491815375,
        "tpr": 0.00275
      }
    },
    "temp_1.1": {
      "token_difr": {
        "auc": 0.49976817042606514,
        "auc_full": 0.409753125,
        "tpr": 0.007
      },
      "surface_stat": {
        "auc": 0.49896616541353384,
        "auc_full": 0.3883349375,
        "tpr": 0.001
      },
      "surface_rank": {
        "auc": 0.4992543859649123,
        "auc_full": 0.38846559375,
        "tpr": 0.0025
      },
      "accept_rate": {
        "auc": 0.49908521303258147,
        "auc_full": 0.292135125,
        "tpr": 0.00225
      },
      "sel_difr_b10": {
        "auc": 0.6093107769423559,
        "auc_full": 0.644311,
        "tpr": 0.005
      },
      "sel_difr_b25": {
        "auc": 0.5024248120300752,
        "auc_full": 0.5055596875,
        "tpr": 0.00275
      }
    },
    "seed_43": {
      "token_difr": {
        "auc": 0.9055764411027569,
        "auc_full": 0.9979083125,
        "tpr": 0.95475
      },
      "surface_stat": {
        "auc": 0.4998245614035088,
        "auc_full": 0.440162375,
        "tpr": 0.0035
      },
      "surface_rank": {
        "auc": 0.49971491228070175,
        "auc_full": 0.46119846875,
        "tpr": 0.00575
      },
      "accept_rate": {
        "auc": 0.49874686716791977,
        "auc_full": 0.247111875,
        "tpr": 0.00025
      },
      "sel_difr_b10": {
        "auc": 0.9959523809523809,
        "auc_full": 0.9993875,
        "tpr": 0.07275
      },
      "sel_difr_b25": {
        "auc": 0.5792543859649123,
        "auc_full": 0.9637943125,
        "tpr": 0.1575
      }
    },
    "bug_k2": {
      "token_difr": {
        "auc": 0.4992105263157895,
        "auc_full": 0.414297375,
        "tpr": 0.006
      },
      "surface_stat": {
        "auc": 0.5004573934837093,
        "auc_full": 0.480973625,
        "tpr": 0.00575
      },
      "surface_rank": {
        "auc": 0.5005639097744361,
        "auc_full": 0.46647375,
        "tpr": 0.00925
      },
      "accept_rate": {
        "auc": 0.49972431077694235,
        "auc_full": 0.45138475,
        "tpr": 0.0075
      },
      "sel_difr_b10": {
        "auc": 0.6344611528822055,
        "auc_full": 0.60722425,
        "tpr": 0.00375
      },
      "sel_difr_b25": {
        "auc": 0.5055513784461153,
        "auc_full": 0.543368,
        "tpr": 0.009
      }
    },
    "bug_k32": {
      "token_difr": {
        "auc": 0.5030827067669172,
        "auc_full": 0.5455356875,
        "tpr": 0.0245
      },
      "surface_stat": {
        "auc": 0.5018859649122807,
        "auc_full": 0.52019025,
        "tpr": 0.01025
      },
      "surface_rank": {
        "auc": 0.503922305764411,
        "auc_full": 0.57002115625,
        "tpr": 0.02225
      },
      "accept_rate": {
        "auc": 0.4994110275689223,
        "auc_full": 0.43727325,
        "tpr": 0.006
      },
      "sel_difr_b10": {
        "auc": 0.5802631578947368,
        "auc_full": 0.6191569375,
        "tpr": 0.00275
      },
      "sel_difr_b25": {
        "auc": 0.5028571428571429,
        "auc_full": 0.52760703125,
        "tpr": 0.005
      }
    }
  },
  "config": {
    "n_prompts": 16,
    "n_tokens": 96,
    "batch": 96,
    "n_batches": 4000,
    "max_fpr": 0.005,
    "core_attacks": [
      "quant_4bit",
      "kv_fp8",
      "temp_1.1",
      "seed_43",
      "bug_k2",
      "bug_k32"
    ]
  },
  "elapsed_s": 276.99025797843933
}