{
  "tag": "pythia-410m",
  "family": "pythia",
  "label": "Pythia-410M",
  "org": "EleutherAI",
  "params": 410000000.0,
  "generation": "1",
  "vocab": 50304,
  "hidden": 1024,
  "T": 128,
  "recompute_flops": 90578616320.0,
  "recompute_seconds": 0.008617170416982844,
  "proxy": {
    "tag": "pythia-160m",
    "label": "Pythia-160M",
    "params": 160000000.0,
    "flops": 31664504832.0,
    "seconds": 0.004800222071935423
  },
  "selective": {
    "sel_difr_b10": {
      "budget": 0.1,
      "recompute_ratio": 0.10026041666666667,
      "flops": 40745954645.333336
    },
    "sel_difr_b25": {
      "budget": 0.25,
      "recompute_ratio": 0.25,
      "flops": 54309158912.0
    }
  },
  "null_floor": {
    "token_difr": {
      "auc": 0.5003383458646616,
      "auc_full": 0.530348,
      "tpr": 0.00125
    },
    "surface_stat": {
      "auc": 0.5118922305764411,
      "auc_full": 0.715567875,
      "tpr": 0.005
    },
    "surface_rank": {
      "auc": 0.5167058270676692,
      "auc_full": 0.71817140625,
      "tpr": 0.0035
    },
    "accept_rate": {
      "auc": 0.5061904761904762,
      "auc_full": 0.5644081875,
      "tpr": 0.009
    },
    "sel_difr_b10": {
      "auc": 0.499016290726817,
      "auc_full": 0.463930625,
      "tpr": 0.0055
    },
    "sel_difr_b25": {
      "auc": 0.5007581453634086,
      "auc_full": 0.5030758125,
      "tpr": 0.00075
    }
  },
  "attacks": {
    "quant_4bit": {
      "token_difr": {
        "auc": 0.5080325814536341,
        "auc_full": 0.6601529375,
        "tpr": 0.01525
      },
      "surface_stat": {
        "auc": 0.5028759398496241,
        "auc_full": 0.6006498125,
        "tpr": 0.00075
      },
      "surface_rank": {
        "auc": 0.5417136591478697,
        "auc_full": 0.787585,
        "tpr": 0.0085
      },
      "accept_rate": {
        "auc": 0.5022368421052632,
        "auc_full": 0.533795,
        "tpr": 0.0035
      },
      "sel_difr_b10": {
        "auc": 0.5071773182957393,
        "auc_full": 0.62495121875,
        "tpr": 0.0655
      },
      "sel_difr_b25": {
        "auc": 0.5070676691729323,
        "auc_full": 0.62486840625,
        "tpr": 0.00275
      }
    },
    "kv_fp8": {
      "token_difr": {
        "auc": 0.4996240601503759,
        "auc_full": 0.45759375,
        "tpr": 0.002
      },
      "surface_stat": {
        "auc": 0.5107518796992481,
        "auc_full": 0.7067669375,
        "tpr": 0.0055
      },
      "surface_rank": {
        "auc": 0.5294204260651629,
        "auc_full": 0.75620759375,
        "tpr": 0.00775
      },
      "accept_rate": {
        "auc": 0.5190037593984962,
        "auc_full": 0.712722125,
        "tpr": 0.02575
      },
      "sel_difr_b10": {
        "auc": 0.49989974937343357,
        "auc_full": 0.4805179375,
        "tpr": 0.01
      },
      "sel_difr_b25": {
        "auc": 0.5018922305764411,
        "auc_full": 0.49603425,
        "tpr": 0.0015
      }
    },
    "temp_1.1": {
      "token_difr": {
        "auc": 0.519310776942356,
        "auc_full": 0.72582375,
        "tpr": 0.03625
      },
      "surface_stat": {
        "auc": 0.5366353383458646,
        "auc_full": 0.82849575,
        "tpr": 0.01825
      },
      "surface_rank": {
        "auc": 0.5584633458646616,
        "auc_full": 0.8398855625,
        "tpr": 0.01725
      },
      "accept_rate": {
        "auc": 0.5033646616541353,
        "auc_full": 0.5655951875,
        "tpr": 0.00575
      },
      "sel_difr_b10": {
        "auc": 0.5140820802005013,
        "auc_full": 0.6668086875,
        "tpr": 0.07925
      },
      "sel_difr_b25": {
        "auc": 0.5195614035087719,
        "auc_full": 0.678747875,
        "tpr": 0.0155
      }
    },
    "seed_43": {
      "token_difr": {
        "auc": 0.7475187969924812,
        "auc_full": 0.9937630625,
        "tpr": 0.448
      },
      "surface_stat": {
        "auc": 0.499016290726817,
        "auc_full": 0.333000875,
        "tpr": 0.0
      },
      "surface_rank": {
        "auc": 0.5078305137844612,
        "auc_full": 0.60251675,
        "tpr": 0.0005
      },
      "accept_rate": {
        "auc": 0.49908521303258147,
        "auc_full": 0.271776125,
        "tpr": 0.00025
      },
      "sel_difr_b10": {
        "auc": 0.49910401002506266,
        "auc_full": 0.74207734375,
        "tpr": 0.03925
      },
      "sel_difr_b25": {
        "auc": 0.5407268170426065,
        "auc_full": 0.9217535625,
        "tpr": 0.0185
      }
    },
    "bug_k2": {
      "token_difr": {
        "auc": 0.49914786967418545,
        "auc_full": 0.39501925,
        "tpr": 0.00025
      },
      "surface_stat": {
        "auc": 0.5014411027568922,
        "auc_full": 0.572859375,
        "tpr": 0.00125
      },
      "surface_rank": {
        "auc": 0.508796992481203,
        "auc_full": 0.6373165,
        "tpr": 0.002
      },
      "accept_rate": {
        "auc": 0.4995989974937343,
        "auc_full": 0.4208725625,
        "tpr": 0.0005
      },
      "sel_difr_b10": {
        "auc": 0.49899122807017543,
        "auc_full": 0.44171278125,
        "tpr": 0.00275
      },
      "sel_difr_b25": {
        "auc": 0.5009085213032581,
        "auc_full": 0.4916274375,
        "tpr": 0.001
      }
    },
    "bug_k32": {
      "token_difr": {
        "auc": 0.501516290726817,
        "auc_full": 0.5747551875,
        "tpr": 0.00375
      },
      "surface_stat": {
        "auc": 0.5109022556390977,
        "auc_full": 0.729477,
        "tpr": 0.00475
      },
      "surface_rank": {
        "auc": 0.5196068295739349,
        "auc_full": 0.69245653125,
        "tpr": 0.0045
      },
      "accept_rate": {
        "auc": 0.5045739348370928,
        "auc_full": 0.59389575,
        "tpr": 0.00725
      },
      "sel_difr_b10": {
        "auc": 0.5005263157894737,
        "auc_full": 0.4986123125,
        "tpr": 0.015
      },
      "sel_difr_b25": {
        "auc": 0.5004887218045113,
        "auc_full": 0.49788546875,
        "tpr": 0.0005
      }
    }
  },
  "config": {
    "n_prompts": 16,
    "n_tokens": 96,
    "batch": 96,
    "n_batches": 4000,
    "max_fpr": 0.005,
    "core_attacks": [
      "quant_4bit",
      "kv_fp8",
      "temp_1.1",
      "seed_43",
      "bug_k2",
      "bug_k32"
    ]
  },
  "elapsed_s": 243.55438709259033
}