{
  "tag": "pythia-160m",
  "family": "pythia",
  "label": "Pythia-160M",
  "org": "EleutherAI",
  "params": 160000000.0,
  "generation": "1",
  "vocab": 50304,
  "hidden": 768,
  "T": 128,
  "recompute_flops": 31664504832.0,
  "recompute_seconds": 0.004267022362910211,
  "proxy": null,
  "selective": null,
  "null_floor": {
    "token_difr": {
      "auc": 0.5009210526315789,
      "auc_full": 0.5004275,
      "tpr": 0.02525
    }
  },
  "attacks": {
    "quant_4bit": {
      "token_difr": {
        "auc": 0.500093984962406,
        "auc_full": 0.479578375,
        "tpr": 0.0235
      }
    },
    "kv_fp8": {
      "token_difr": {
        "auc": 0.5007268170426065,
        "auc_full": 0.50222725,
        "tpr": 0.02275
      }
    },
    "temp_1.1": {
      "token_difr": {
        "auc": 0.5110588972431078,
        "auc_full": 0.6772995625,
        "tpr": 0.08975
      }
    },
    "seed_43": {
      "token_difr": {
        "auc": 0.5160651629072681,
        "auc_full": 0.7904491875,
        "tpr": 0.1455
      }
    },
    "bug_k2": {
      "token_difr": {
        "auc": 0.5011591478696742,
        "auc_full": 0.5162095625,
        "tpr": 0.0275
      }
    },
    "bug_k32": {
      "token_difr": {
        "auc": 0.503546365914787,
        "auc_full": 0.5931936875,
        "tpr": 0.047
      }
    }
  },
  "config": {
    "n_prompts": 16,
    "n_tokens": 96,
    "batch": 96,
    "n_batches": 4000,
    "max_fpr": 0.005,
    "core_attacks": [
      "quant_4bit",
      "kv_fp8",
      "temp_1.1",
      "seed_43",
      "bug_k2",
      "bug_k32"
    ]
  },
  "elapsed_s": 153.79659509658813
}