{
  "tag": "qwen3-4b",
  "family": "qwen",
  "label": "Qwen3-4B",
  "org": "Qwen",
  "params": 4000000000.0,
  "generation": "3",
  "vocab": 151936,
  "hidden": 2560,
  "T": 128,
  "recompute_flops": 930179055616.0,
  "recompute_seconds": 0.01801224130031187,
  "proxy": {
    "tag": "qwen3-0.6b",
    "label": "Qwen3-0.6B",
    "params": 600000000.0,
    "flops": 112759668736.0,
    "seconds": 0.014143509513814934
  },
  "selective": {
    "sel_difr_b10": {
      "budget": 0.1,
      "recompute_ratio": 0.10026041666666667,
      "flops": 206019808426.6667
    },
    "sel_difr_b25": {
      "budget": 0.25,
      "recompute_ratio": 0.25,
      "flops": 345304432640.0
    }
  },
  "null_floor": {
    "token_difr": {
      "auc": 0.6207581453634086,
      "auc_full": 0.6378726875,
      "tpr": 0.00075
    },
    "surface_stat": {
      "auc": 0.49874686716791977,
      "auc_full": 0.177053375,
      "tpr": 0.005
    },
    "surface_rank": {
      "auc": 0.4990194235588972,
      "auc_full": 0.3157290625,
      "tpr": 0.00125
    },
    "accept_rate": {
      "auc": 0.4992857142857143,
      "auc_full": 0.3308633125,
      "tpr": 0.00125
    },
    "sel_difr_b10": {
      "auc": 0.5598997493734336,
      "auc_full": 0.45838375,
      "tpr": 0.0
    },
    "sel_difr_b25": {
      "auc": 0.5942355889724311,
      "auc_full": 0.649025125,
      "tpr": 0.0
    }
  },
  "attacks": {
    "quant_4bit": {
      "token_difr": {
        "auc": 0.8230200501253133,
        "auc_full": 0.9189634375,
        "tpr": 0.0805
      },
      "surface_stat": {
        "auc": 0.4992481203007519,
        "auc_full": 0.3784229375,
        "tpr": 0.03875
      },
      "surface_rank": {
        "auc": 0.508577694235589,
        "auc_full": 0.59935959375,
        "tpr": 0.02975
      },
      "accept_rate": {
        "auc": 0.5008646616541353,
        "auc_full": 0.5415516875,
        "tpr": 0.0055
      },
      "sel_difr_b10": {
        "auc": 0.7768170426065163,
        "auc_full": 0.7729808125,
        "tpr": 0.00125
      },
      "sel_difr_b25": {
        "auc": 0.8438596491228071,
        "auc_full": 0.8900955,
        "tpr": 0.0
      }
    },
    "kv_fp8": {
      "token_difr": {
        "auc": 0.674310776942356,
        "auc_full": 0.76156053125,
        "tpr": 0.00725
      },
      "surface_stat": {
        "auc": 0.49874686716791977,
        "auc_full": 0.2274223125,
        "tpr": 0.00975
      },
      "surface_rank": {
        "auc": 0.501109022556391,
        "auc_full": 0.48245528125,
        "tpr": 0.0075
      },
      "accept_rate": {
        "auc": 0.49893483709273184,
        "auc_full": 0.38694475,
        "tpr": 0.0005
      },
      "sel_difr_b10": {
        "auc": 0.5891604010025062,
        "auc_full": 0.58745903125,
        "tpr": 0.0
      },
      "sel_difr_b25": {
        "auc": 0.6546992481203008,
        "auc_full": 0.686400625,
        "tpr": 0.0
      }
    },
    "temp_1.1": {
      "token_difr": {
        "auc": 0.7835839598997494,
        "auc_full": 0.858802,
        "tpr": 0.04325
      },
      "surface_stat": {
        "auc": 0.49912907268170426,
        "auc_full": 0.3931274375,
        "tpr": 0.05875
      },
      "surface_rank": {
        "auc": 0.5075751879699248,
        "auc_full": 0.61384603125,
        "tpr": 0.02575
      },
      "accept_rate": {
        "auc": 0.5004761904761905,
        "auc_full": 0.5204759375,
        "tpr": 0.00475
      },
      "sel_difr_b10": {
        "auc": 0.5918546365914787,
        "auc_full": 0.5848060625,
        "tpr": 0.0
      },
      "sel_difr_b25": {
        "auc": 0.769047619047619,
        "auc_full": 0.808463,
        "tpr": 0.0
      }
    },
    "seed_43": {
      "token_difr": {
        "auc": 1.0,
        "auc_full": 1.0,
        "tpr": 0.42875
      },
      "surface_stat": {
        "auc": 0.49874686716791977,
        "auc_full": 0.184847,
        "tpr": 0.00575
      },
      "surface_rank": {
        "auc": 0.4998496240601504,
        "auc_full": 0.40148975,
        "tpr": 0.0035
      },
      "accept_rate": {
        "auc": 0.49966791979949876,
        "auc_full": 0.4233456875,
        "tpr": 0.00225
      },
      "sel_difr_b10": {
        "auc": 0.9986215538847119,
        "auc_full": 0.998697625,
        "tpr": 0.7505
      },
      "sel_difr_b25": {
        "auc": 1.0,
        "auc_full": 1.0,
        "tpr": 0.29425
      }
    },
    "bug_k2": {
      "token_difr": {
        "auc": 0.7581892230576441,
        "auc_full": 0.8213938125,
        "tpr": 0.02
      },
      "surface_stat": {
        "auc": 0.498859649122807,
        "auc_full": 0.320836125,
        "tpr": 0.0265
      },
      "surface_rank": {
        "auc": 0.502406015037594,
        "auc_full": 0.4990039375,
        "tpr": 0.01175
      },
      "accept_rate": {
        "auc": 0.5000250626566416,
        "auc_full": 0.44979525,
        "tpr": 0.003
      },
      "sel_difr_b10": {
        "auc": 0.6429728166570272,
        "auc_full": 0.6539418125,
        "tpr": 0.0
      },
      "sel_difr_b25": {
        "auc": 0.6676065162907269,
        "auc_full": 0.7206844375,
        "tpr": 0.0
      }
    },
    "bug_k32": {
      "token_difr": {
        "auc": 0.8782205513784461,
        "auc_full": 0.8725131875,
        "tpr": 0.154
      },
      "surface_stat": {
        "auc": 0.506234335839599,
        "auc_full": 0.567553,
        "tpr": 0.1855
      },
      "surface_rank": {
        "auc": 0.5601033834586466,
        "auc_full": 0.7928695,
        "tpr": 0.15825
      },
      "accept_rate": {
        "auc": 0.5014035087719299,
        "auc_full": 0.513766125,
        "tpr": 0.007
      },
      "sel_difr_b10": {
        "auc": 0.5010025062656641,
        "auc_full": 0.44958234375,
        "tpr": 0.0
      },
      "sel_difr_b25": {
        "auc": 0.6766917293233083,
        "auc_full": 0.6528804375,
        "tpr": 0.0
      }
    }
  },
  "config": {
    "n_prompts": 16,
    "n_tokens": 96,
    "batch": 96,
    "n_batches": 4000,
    "max_fpr": 0.005,
    "core_attacks": [
      "quant_4bit",
      "kv_fp8",
      "temp_1.1",
      "seed_43",
      "bug_k2",
      "bug_k32"
    ]
  },
  "elapsed_s": 631.1884393692017
}