{
  "tag": "qwen3-1.7b",
  "family": "qwen",
  "label": "Qwen3-1.7B",
  "org": "Qwen",
  "params": 1700000000.0,
  "generation": "3",
  "vocab": 151936,
  "hidden": 2048,
  "T": 128,
  "recompute_flops": 360808972288.0,
  "recompute_seconds": 0.014349729593959637,
  "proxy": {
    "tag": "qwen3-0.6b",
    "label": "Qwen3-0.6B",
    "params": 600000000.0,
    "flops": 112759668736.0,
    "seconds": 0.014001589588588104
  },
  "selective": {
    "sel_difr_b10": {
      "budget": 0.1,
      "recompute_ratio": 0.10026041666666667,
      "flops": 148934526634.6667
    },
    "sel_difr_b25": {
      "budget": 0.25,
      "recompute_ratio": 0.25,
      "flops": 202961911808.0
    }
  },
  "null_floor": {
    "token_difr": {
      "auc": 0.5364473684210527,
      "auc_full": 0.6276183125,
      "tpr": 0.0025
    },
    "surface_stat": {
      "auc": 0.5076190476190476,
      "auc_full": 0.588168375,
      "tpr": 0.001
    },
    "surface_rank": {
      "auc": 0.5014724310776942,
      "auc_full": 0.48860590625,
      "tpr": 0.0325
    },
    "accept_rate": {
      "auc": 0.5001378446115288,
      "auc_full": 0.4605565625,
      "tpr": 0.004
    },
    "sel_difr_b10": {
      "auc": 0.5339598997493734,
      "auc_full": 0.53893015625,
      "tpr": 0.0
    },
    "sel_difr_b25": {
      "auc": 0.49874686716791977,
      "auc_full": 0.348684875,
      "tpr": 0.0
    }
  },
  "attacks": {
    "quant_4bit": {
      "token_difr": {
        "auc": 0.6263972431077695,
        "auc_full": 0.863075375,
        "tpr": 0.04525
      },
      "surface_stat": {
        "auc": 0.5052067669172933,
        "auc_full": 0.605246625,
        "tpr": 0.0005
      },
      "surface_rank": {
        "auc": 0.4993671679197995,
        "auc_full": 0.3666688125,
        "tpr": 0.00725
      },
      "accept_rate": {
        "auc": 0.5114724310776942,
        "auc_full": 0.6736930625,
        "tpr": 0.03275
      },
      "sel_difr_b10": {
        "auc": 0.530827067669173,
        "auc_full": 0.713874375,
        "tpr": 0.0
      },
      "sel_difr_b25": {
        "auc": 0.504678472497032,
        "auc_full": 0.65550809375,
        "tpr": 0.0015
      }
    },
    "kv_fp8": {
      "token_difr": {
        "auc": 0.5614035087719298,
        "auc_full": 0.73440871875,
        "tpr": 0.008
      },
      "surface_stat": {
        "auc": 0.5020050125313283,
        "auc_full": 0.5566320625,
        "tpr": 0.00025
      },
      "surface_rank": {
        "auc": 0.49969298245614036,
        "auc_full": 0.43113203125,
        "tpr": 0.0145
      },
      "accept_rate": {
        "auc": 0.500827067669173,
        "auc_full": 0.5163366875,
        "tpr": 0.00525
      },
      "sel_difr_b10": {
        "auc": 0.49874686716791977,
        "auc_full": 0.5861875,
        "tpr": 0.0
      },
      "sel_difr_b25": {
        "auc": 0.49874686716791977,
        "auc_full": 0.44088865625,
        "tpr": 0.0
      }
    },
    "temp_1.1": {
      "token_difr": {
        "auc": 0.5285338345864662,
        "auc_full": 0.7451676875,
        "tpr": 0.00175
      },
      "surface_stat": {
        "auc": 0.4998245614035088,
        "auc_full": 0.4417581875,
        "tpr": 0.0
      },
      "surface_rank": {
        "auc": 0.49911131996658314,
        "auc_full": 0.38964115625,
        "tpr": 0.00925
      },
      "accept_rate": {
        "auc": 0.5001566416040101,
        "auc_full": 0.446073125,
        "tpr": 0.004
      },
      "sel_difr_b10": {
        "auc": 0.6194235588972431,
        "auc_full": 0.76807,
        "tpr": 0.0
      },
      "sel_difr_b25": {
        "auc": 0.4994736842105263,
        "auc_full": 0.58312509375,
        "tpr": 0.0
      }
    },
    "seed_43": {
      "token_difr": {
        "auc": 0.9985025062656643,
        "auc_full": 0.9997526875,
        "tpr": 0.2915
      },
      "surface_stat": {
        "auc": 0.501610275689223,
        "auc_full": 0.482283625,
        "tpr": 0.0005
      },
      "surface_rank": {
        "auc": 0.49917293233082705,
        "auc_full": 0.37810071875,
        "tpr": 0.01025
      },
      "accept_rate": {
        "auc": 0.4994360902255639,
        "auc_full": 0.365706,
        "tpr": 0.002
      },
      "sel_difr_b10": {
        "auc": 0.9987468671679198,
        "auc_full": 0.99934596875,
        "tpr": 0.026
      },
      "sel_difr_b25": {
        "auc": 1.0,
        "auc_full": 1.0,
        "tpr": 0.99975
      }
    },
    "bug_k2": {
      "token_difr": {
        "auc": 0.5708051378446115,
        "auc_full": 0.7381888125,
        "tpr": 0.0085
      },
      "surface_stat": {
        "auc": 0.501578947368421,
        "auc_full": 0.5229781875,
        "tpr": 0.0
      },
      "surface_rank": {
        "auc": 0.49913847117794485,
        "auc_full": 0.405507125,
        "tpr": 0.01725
      },
      "accept_rate": {
        "auc": 0.49914160401002505,
        "auc_full": 0.3030873125,
        "tpr": 0.001
      },
      "sel_difr_b10": {
        "auc": 0.593609022556391,
        "auc_full": 0.66749703125,
        "tpr": 0.0
      },
      "sel_difr_b25": {
        "auc": 0.49911027568922306,
        "auc_full": 0.469250625,
        "tpr": 0.0
      }
    },
    "bug_k32": {
      "token_difr": {
        "auc": 0.6614035087719299,
        "auc_full": 0.80797159375,
        "tpr": 0.032
      },
      "surface_stat": {
        "auc": 0.5807769423558897,
        "auc_full": 0.8627156875,
        "tpr": 0.03875
      },
      "surface_rank": {
        "auc": 0.5277130325814536,
        "auc_full": 0.7073048125,
        "tpr": 0.17525
      },
      "accept_rate": {
        "auc": 0.5006265664160401,
        "auc_full": 0.519361,
        "tpr": 0.00475
      },
      "sel_difr_b10": {
        "auc": 0.5640350877192982,
        "auc_full": 0.58601609375,
        "tpr": 0.0
      },
      "sel_difr_b25": {
        "auc": 0.49874686716791977,
        "auc_full": 0.4074140625,
        "tpr": 0.0
      }
    }
  },
  "config": {
    "n_prompts": 16,
    "n_tokens": 96,
    "batch": 96,
    "n_batches": 4000,
    "max_fpr": 0.005,
    "core_attacks": [
      "quant_4bit",
      "kv_fp8",
      "temp_1.1",
      "seed_43",
      "bug_k2",
      "bug_k32"
    ]
  },
  "elapsed_s": 557.3426258563995
}