{
  "tag": "qwen3-0.6b",
  "family": "qwen",
  "label": "Qwen3-0.6B",
  "org": "Qwen",
  "params": 600000000.0,
  "generation": "3",
  "vocab": 151936,
  "hidden": 1024,
  "T": 128,
  "recompute_flops": 112759668736.0,
  "recompute_seconds": 0.015002498315880075,
  "proxy": null,
  "selective": null,
  "null_floor": {
    "token_difr": {
      "auc": 0.4996021303258145,
      "auc_full": 0.42396234375,
      "tpr": 0.0255
    }
  },
  "attacks": {
    "quant_4bit": {
      "token_difr": {
        "auc": 0.5010213032581453,
        "auc_full": 0.6036266875,
        "tpr": 0.08475
      }
    },
    "kv_fp8": {
      "token_difr": {
        "auc": 0.4992543859649123,
        "auc_full": 0.474111125,
        "tpr": 0.046
      }
    },
    "temp_1.1": {
      "token_difr": {
        "auc": 0.5021303258145363,
        "auc_full": 0.59945796875,
        "tpr": 0.11825
      }
    },
    "seed_43": {
      "token_difr": {
        "auc": 0.9210714285714285,
        "auc_full": 0.9986949375,
        "tpr": 1.0
      }
    },
    "bug_k2": {
      "token_difr": {
        "auc": 0.49914160401002505,
        "auc_full": 0.44562128125,
        "tpr": 0.019
      }
    },
    "bug_k32": {
      "token_difr": {
        "auc": 0.5191008771929825,
        "auc_full": 0.6762201875,
        "tpr": 0.204
      }
    }
  },
  "config": {
    "n_prompts": 16,
    "n_tokens": 96,
    "batch": 96,
    "n_batches": 4000,
    "max_fpr": 0.005,
    "core_attacks": [
      "quant_4bit",
      "kv_fp8",
      "temp_1.1",
      "seed_43",
      "bug_k2",
      "bug_k32"
    ]
  },
  "elapsed_s": 450.4269711971283
}