{
  "tag": "smollm2-360m",
  "family": "smollm2",
  "label": "SmolLM2-360M",
  "org": "HuggingFace",
  "params": 360000000.0,
  "generation": "2",
  "vocab": 49152,
  "hidden": 960,
  "T": 128,
  "recompute_flops": 80546611200.0,
  "recompute_seconds": 0.012269840983208269,
  "proxy": {
    "tag": "smollm2-135m",
    "label": "SmolLM2-135M",
    "params": 135000000.0,
    "flops": 27188084736.0,
    "seconds": 0.011793492245487869
  },
  "selective": {
    "sel_difr_b10": {
      "budget": 0.1,
      "recompute_ratio": 0.10026041666666667,
      "flops": 35263721536.0
    },
    "sel_difr_b25": {
      "budget": 0.25,
      "recompute_ratio": 0.25,
      "flops": 47324737536.0
    }
  },
  "null_floor": {
    "token_difr": {
      "auc": 0.7201190476190475,
      "auc_full": 0.6382038125,
      "tpr": 0.00025
    },
    "surface_stat": {
      "auc": 0.5126127819548872,
      "auc_full": 0.6832961875,
      "tpr": 0.06775
    },
    "surface_rank": {
      "auc": 0.5327130325814536,
      "auc_full": 0.78021975,
      "tpr": 0.07275
    },
    "accept_rate": {
      "auc": 0.5427694235588972,
      "auc_full": 0.8314135,
      "tpr": 0.1315
    },
    "sel_difr_b10": {
      "auc": 0.49874686716791977,
      "auc_full": 0.3778901875,
      "tpr": 0.0
    },
    "sel_difr_b25": {
      "auc": 0.49952380952380954,
      "auc_full": 0.513929625,
      "tpr": 0.0
    }
  },
  "attacks": {
    "quant_4bit": {
      "token_difr": {
        "auc": 0.8635714285714287,
        "auc_full": 0.945683875,
        "tpr": 0.01375
      },
      "surface_stat": {
        "auc": 0.5000501253132832,
        "auc_full": 0.4430121875,
        "tpr": 0.00875
      },
      "surface_rank": {
        "auc": 0.5023402255639098,
        "auc_full": 0.58342628125,
        "tpr": 0.00625
      },
      "accept_rate": {
        "auc": 0.5029949874686717,
        "auc_full": 0.590171875,
        "tpr": 0.015
      },
      "sel_difr_b10": {
        "auc": 0.5355576441102757,
        "auc_full": 0.68154346875,
        "tpr": 0.0065
      },
      "sel_difr_b25": {
        "auc": 0.8636779448621554,
        "auc_full": 0.92596675,
        "tpr": 0.13275
      }
    },
    "kv_fp8": {
      "token_difr": {
        "auc": 0.7045112781954888,
        "auc_full": 0.71278465625,
        "tpr": 0.00025
      },
      "surface_stat": {
        "auc": 0.4993546365914787,
        "auc_full": 0.363206,
        "tpr": 0.004
      },
      "surface_rank": {
        "auc": 0.502218045112782,
        "auc_full": 0.577386625,
        "tpr": 0.007
      },
      "accept_rate": {
        "auc": 0.49971804511278195,
        "auc_full": 0.440821,
        "tpr": 0.004
      },
      "sel_difr_b10": {
        "auc": 0.4988095238095238,
        "auc_full": 0.377530875,
        "tpr": 0.0
      },
      "sel_difr_b25": {
        "auc": 0.5856641604010026,
        "auc_full": 0.6457078125,
        "tpr": 0.00025
      }
    },
    "temp_1.1": {
      "token_difr": {
        "auc": 0.6213220551378447,
        "auc_full": 0.72130615625,
        "tpr": 0.0
      },
      "surface_stat": {
        "auc": 0.5059586466165413,
        "auc_full": 0.615997375,
        "tpr": 0.035
      },
      "surface_rank": {
        "auc": 0.5101378446115288,
        "auc_full": 0.707109875,
        "tpr": 0.02375
      },
      "accept_rate": {
        "auc": 0.49932330827067667,
        "auc_full": 0.4596105625,
        "tpr": 0.00275
      },
      "sel_difr_b10": {
        "auc": 0.5020739348370927,
        "auc_full": 0.52483690625,
        "tpr": 0.0
      },
      "sel_difr_b25": {
        "auc": 0.7195050125313284,
        "auc_full": 0.8395534375,
        "tpr": 0.00925
      }
    },
    "seed_43": {
      "token_difr": {
        "auc": 1.0,
        "auc_full": 1.0,
        "tpr": 1.0
      },
      "surface_stat": {
        "auc": 0.4995927318295739,
        "auc_full": 0.41159275,
        "tpr": 0.00575
      },
      "surface_rank": {
        "auc": 0.49956453634085213,
        "auc_full": 0.47638384375,
        "tpr": 0.0015
      },
      "accept_rate": {
        "auc": 0.5155325814536341,
        "auc_full": 0.744248125,
        "tpr": 0.05525
      },
      "sel_difr_b10": {
        "auc": 0.9951127819548871,
        "auc_full": 0.99964125,
        "tpr": 0.97125
      },
      "sel_difr_b25": {
        "auc": 1.0,
        "auc_full": 1.0,
        "tpr": 1.0
      }
    },
    "bug_k2": {
      "token_difr": {
        "auc": 0.7079072681704262,
        "auc_full": 0.68717284375,
        "tpr": 0.0
      },
      "surface_stat": {
        "auc": 0.5126691729323308,
        "auc_full": 0.6770544375,
        "tpr": 0.06025
      },
      "surface_rank": {
        "auc": 0.5278414786967418,
        "auc_full": 0.76267253125,
        "tpr": 0.062
      },
      "accept_rate": {
        "auc": 0.5014724310776942,
        "auc_full": 0.5846998125,
        "tpr": 0.009
      },
      "sel_difr_b10": {
        "auc": 0.4987781954887218,
        "auc_full": 0.35112578125,
        "tpr": 0.0
      },
      "sel_difr_b25": {
        "auc": 0.6156892230576441,
        "auc_full": 0.6082705,
        "tpr": 0.0015
      }
    },
    "bug_k32": {
      "token_difr": {
        "auc": 0.8740037593984962,
        "auc_full": 0.84173421875,
        "tpr": 0.017
      },
      "surface_stat": {
        "auc": 0.5285275689223058,
        "auc_full": 0.750054625,
        "tpr": 0.12775
      },
      "surface_rank": {
        "auc": 0.5546491228070175,
        "auc_full": 0.8215929375,
        "tpr": 0.12025
      },
      "accept_rate": {
        "auc": 0.5070363408521303,
        "auc_full": 0.6540905625,
        "tpr": 0.02675
      },
      "sel_difr_b10": {
        "auc": 0.49890350877192985,
        "auc_full": 0.3658158125,
        "tpr": 0.0
      },
      "sel_difr_b25": {
        "auc": 0.7116729323308271,
        "auc_full": 0.708158375,
        "tpr": 0.01725
      }
    }
  },
  "config": {
    "n_prompts": 16,
    "n_tokens": 96,
    "batch": 96,
    "n_batches": 4000,
    "max_fpr": 0.005,
    "core_attacks": [
      "quant_4bit",
      "kv_fp8",
      "temp_1.1",
      "seed_43",
      "bug_k2",
      "bug_k32"
    ]
  },
  "elapsed_s": 241.3679211139679
}