{
  "tag": "smollm2-135m",
  "family": "smollm2",
  "label": "SmolLM2-135M",
  "org": "HuggingFace",
  "params": 135000000.0,
  "generation": "2",
  "vocab": 49152,
  "hidden": 576,
  "T": 128,
  "recompute_flops": 27188084736.0,
  "recompute_seconds": 0.011918880496523343,
  "proxy": null,
  "selective": null,
  "null_floor": {
    "token_difr": {
      "auc": 0.5008208020050126,
      "auc_full": 0.4991598125,
      "tpr": 0.0195
    }
  },
  "attacks": {
    "quant_4bit": {
      "token_difr": {
        "auc": 0.5570739348370928,
        "auc_full": 0.80957153125,
        "tpr": 0.18825
      }
    },
    "kv_fp8": {
      "token_difr": {
        "auc": 0.5093703007518797,
        "auc_full": 0.6423334375,
        "tpr": 0.06
      }
    },
    "temp_1.1": {
      "token_difr": {
        "auc": 0.5073997493734336,
        "auc_full": 0.6790783125,
        "tpr": 0.04225
      }
    },
    "seed_43": {
      "token_difr": {
        "auc": 0.999874686716792,
        "auc_full": 0.999995625,
        "tpr": 0.99975
      }
    },
    "bug_k2": {
      "token_difr": {
        "auc": 0.5063847117794487,
        "auc_full": 0.61626528125,
        "tpr": 0.022
      }
    },
    "bug_k32": {
      "token_difr": {
        "auc": 0.5598872180451128,
        "auc_full": 0.75110675,
        "tpr": 0.1525
      }
    }
  },
  "config": {
    "n_prompts": 16,
    "n_tokens": 96,
    "batch": 96,
    "n_batches": 4000,
    "max_fpr": 0.005,
    "core_attacks": [
      "quant_4bit",
      "kv_fp8",
      "temp_1.1",
      "seed_43",
      "bug_k2",
      "bug_k32"
    ]
  },
  "elapsed_s": 227.166410446167
}