{
  "tag": "smollm2-1.7b",
  "family": "smollm2",
  "label": "SmolLM2-1.7B",
  "org": "HuggingFace",
  "params": 1700000000.0,
  "generation": "2",
  "vocab": 49152,
  "hidden": 2048,
  "T": 128,
  "recompute_flops": 412342550528.0,
  "recompute_seconds": 0.008516520407283679,
  "proxy": {
    "tag": "smollm2-135m",
    "label": "SmolLM2-135M",
    "params": 135000000.0,
    "flops": 27188084736.0,
    "seconds": 0.01164779368264135
  },
  "selective": {
    "sel_difr_b10": {
      "budget": 0.1,
      "recompute_ratio": 0.10026041666666667,
      "flops": 68529720661.333336
    },
    "sel_difr_b25": {
      "budget": 0.25,
      "recompute_ratio": 0.25,
      "flops": 130273722368.0
    }
  },
  "null_floor": {
    "token_difr": {
      "auc": 0.7898997493734337,
      "auc_full": 0.89605175,
      "tpr": 0.01125
    },
    "surface_stat": {
      "auc": 0.5819611528822055,
      "auc_full": 0.9020163125,
      "tpr": 0.1895
    },
    "surface_rank": {
      "auc": 0.527280701754386,
      "auc_full": 0.7835531875,
      "tpr": 0.03925
    },
    "accept_rate": {
      "auc": 0.5250438596491228,
      "auc_full": 0.750732625,
      "tpr": 0.064
    },
    "sel_difr_b10": {
      "auc": 0.523187432867884,
      "auc_full": 0.650259,
      "tpr": 0.02675
    },
    "sel_difr_b25": {
      "auc": 0.5288157894736842,
      "auc_full": 0.54988675,
      "tpr": 0.0
    }
  },
  "attacks": {
    "quant_4bit": {
      "token_difr": {
        "auc": 0.9785275689223057,
        "auc_full": 0.9910041875,
        "tpr": 0.04475
      },
      "surface_stat": {
        "auc": 0.5021616541353383,
        "auc_full": 0.5258488125,
        "tpr": 0.007
      },
      "surface_rank": {
        "auc": 0.5067606516290727,
        "auc_full": 0.6213295625,
        "tpr": 0.01075
      },
      "accept_rate": {
        "auc": 0.49874686716791977,
        "auc_full": 0.2849106875,
        "tpr": 0.0
      },
      "sel_difr_b10": {
        "auc": 0.5535893304690297,
        "auc_full": 0.72494425,
        "tpr": 0.0745
      },
      "sel_difr_b25": {
        "auc": 0.8037218045112782,
        "auc_full": 0.8929460625,
        "tpr": 0.00625
      }
    },
    "kv_fp8": {
      "token_difr": {
        "auc": 0.8018922305764411,
        "auc_full": 0.85283903125,
        "tpr": 0.00725
      },
      "surface_stat": {
        "auc": 0.5009147869674185,
        "auc_full": 0.543287,
        "tpr": 0.0045
      },
      "surface_rank": {
        "auc": 0.4998339598997494,
        "auc_full": 0.4953601875,
        "tpr": 0.001
      },
      "accept_rate": {
        "auc": 0.50031328320802,
        "auc_full": 0.4479805625,
        "tpr": 0.00375
      },
      "sel_difr_b10": {
        "auc": 0.5038668098818475,
        "auc_full": 0.5385828125,
        "tpr": 0.0045
      },
      "sel_difr_b25": {
        "auc": 0.5883709273182958,
        "auc_full": 0.57006434375,
        "tpr": 0.0
      }
    },
    "temp_1.1": {
      "token_difr": {
        "auc": 0.9221052631578948,
        "auc_full": 0.9554009375,
        "tpr": 0.009
      },
      "surface_stat": {
        "auc": 0.5344110275689223,
        "auc_full": 0.7909835,
        "tpr": 0.0825
      },
      "surface_rank": {
        "auc": 0.5236278195488722,
        "auc_full": 0.762729375,
        "tpr": 0.0345
      },
      "accept_rate": {
        "auc": 0.5050689223057644,
        "auc_full": 0.6131590625,
        "tpr": 0.0155
      },
      "sel_difr_b10": {
        "auc": 0.517937701396348,
        "auc_full": 0.62481121875,
        "tpr": 0.024
      },
      "sel_difr_b25": {
        "auc": 0.593327067669173,
        "auc_full": 0.713670375,
        "tpr": 0.0
      }
    },
    "seed_43": {
      "token_difr": {
        "auc": 1.0,
        "auc_full": 1.0,
        "tpr": 0.75275
      },
      "surface_stat": {
        "auc": 0.4988533834586466,
        "auc_full": 0.2497158125,
        "tpr": 0.00025
      },
      "surface_rank": {
        "auc": 0.4990288220551378,
        "auc_full": 0.3700826875,
        "tpr": 0.0
      },
      "accept_rate": {
        "auc": 0.49908521303258147,
        "auc_full": 0.3457389375,
        "tpr": 0.00075
      },
      "sel_difr_b10": {
        "auc": 0.9961824203365557,
        "auc_full": 0.99978903125,
        "tpr": 0.991
      },
      "sel_difr_b25": {
        "auc": 1.0,
        "auc_full": 1.0,
        "tpr": 1.0
      }
    },
    "bug_k2": {
      "token_difr": {
        "auc": 0.8512907268170427,
        "auc_full": 0.88330596875,
        "tpr": 0.05975
      },
      "surface_stat": {
        "auc": 0.516547619047619,
        "auc_full": 0.6947449375,
        "tpr": 0.03975
      },
      "surface_rank": {
        "auc": 0.5255576441102757,
        "auc_full": 0.74519009375,
        "tpr": 0.0365
      },
      "accept_rate": {
        "auc": 0.5013784461152883,
        "auc_full": 0.5000786875,
        "tpr": 0.00725
      },
      "sel_difr_b10": {
        "auc": 0.5011860007160759,
        "auc_full": 0.4916528125,
        "tpr": 0.00125
      },
      "sel_difr_b25": {
        "auc": 0.588327067669173,
        "auc_full": 0.47158296875,
        "tpr": 0.0
      }
    },
    "bug_k32": {
      "token_difr": {
        "auc": 0.9094423558897243,
        "auc_full": 0.9315668125,
        "tpr": 0.13175
      },
      "surface_stat": {
        "auc": 0.6315288220551378,
        "auc_full": 0.92535225,
        "tpr": 0.2975
      },
      "surface_rank": {
        "auc": 0.5897807017543859,
        "auc_full": 0.88613553125,
        "tpr": 0.1455
      },
      "accept_rate": {
        "auc": 0.5391791979949875,
        "auc_full": 0.8053445,
        "tpr": 0.09825
      },
      "sel_difr_b10": {
        "auc": 0.5062388113139993,
        "auc_full": 0.5654358125,
        "tpr": 0.007
      },
      "sel_difr_b25": {
        "auc": 0.5849624060150376,
        "auc_full": 0.52249590625,
        "tpr": 0.0
      }
    }
  },
  "config": {
    "n_prompts": 16,
    "n_tokens": 96,
    "batch": 96,
    "n_batches": 4000,
    "max_fpr": 0.005,
    "core_attacks": [
      "quant_4bit",
      "kv_fp8",
      "temp_1.1",
      "seed_43",
      "bug_k2",
      "bug_k32"
    ]
  },
  "elapsed_s": 268.6875901222229
}