{
  "env": {
    "device": "NVIDIA A100-SXM4-40GB",
    "capability": [
      8,
      0
    ],
    "torch": "2.7.0",
    "cuda": "12.8",
    "cudnn": 90800,
    "tf32_matmul": false,
    "determinism_flags_set": false
  },
  "E1_within_condition": {
    "float32": {
      "runs": 10,
      "distinct": 1,
      "bit_identical": true
    },
    "float16": {
      "runs": 10,
      "distinct": 1,
      "bit_identical": true
    },
    "bfloat16": {
      "runs": 10,
      "distinct": 1,
      "bit_identical": true
    }
  },
  "E2_non_associativity": {
    "values": {
      "tree": -2048.0,
      "L->R": -1521.4454345703125,
      "R->L": 1023.0753173828125
    },
    "hashes": {
      "tree": "045cacf504b3",
      "L->R": "63f72b381f84",
      "R->L": "4e13b7f97e54"
    },
    "distinct_bit_patterns": 3
  },
  "E3_noninvariance_grid": {
    "batch_sizes": [
      1,
      2,
      4,
      8,
      16,
      32,
      48,
      64
    ],
    "K_values": [
      512,
      1024,
      2048,
      4096,
      8192
    ],
    "diff_from_b1": [
      [
        0,
        0,
        0,
        0,
        0,
        0,
        0,
        0
      ],
      [
        0,
        0,
        0,
        0,
        1,
        0,
        0,
        0
      ],
      [
        0,
        0,
        0,
        0,
        1,
        0,
        0,
        0
      ],
      [
        0,
        0,
        0,
        0,
        1,
        0,
        0,
        0
      ],
      [
        0,
        1,
        1,
        1,
        1,
        1,
        1,
        0
      ]
    ],
    "nonreproducible": [
      [
        0,
        0,
        0,
        0,
        0,
        0,
        0,
        0
      ],
      [
        0,
        0,
        0,
        0,
        0,
        0,
        0,
        0
      ],
      [
        0,
        0,
        0,
        0,
        0,
        0,
        0,
        0
      ],
      [
        0,
        0,
        0,
        0,
        0,
        0,
        0,
        0
      ],
      [
        0,
        0,
        0,
        0,
        0,
        0,
        0,
        0
      ]
    ],
    "l2": [
      [
        0.0,
        0.0,
        0.0,
        0.0,
        0.0,
        0.0,
        0.0,
        0.0
      ],
      [
        0.0,
        0.0,
        0.0,
        0.0,
        1.9073486328125e-06,
        0.0,
        0.0,
        0.0
      ],
      [
        0.0,
        0.0,
        0.0,
        0.0,
        0.015625,
        0.0,
        0.0,
        0.0
      ],
      [
        0.0,
        0.0,
        0.0,
        0.0,
        0.1432057023048401,
        0.0,
        0.0,
        0.0
      ],
      [
        0.0,
        19.131105422973633,
        19.131105422973633,
        19.131105422973633,
        19.131105422973633,
        18.6092529296875,
        15.258179664611816,
        0.0
      ]
    ]
  },
  "E4_genuine_nondeterminism": {
    "scatter_add": {
      "runs": 10,
      "distinct": 10,
      "deterministic": false,
      "max_l2_drift": 0.0023425649851560593
    },
    "index_add": {
      "runs": 10,
      "distinct": 10,
      "deterministic": false,
      "max_l2_drift": 0.0027097887359559536
    }
  }
}